,y(01),y(02),y(03),y(04),y(05),y(06),y(07),y(08),y(09),y(10)
1971-08,5.1498,5.5307,5.7565,5.8982,5.9922,6.0578,6.1057,6.1419,6.1701,6.1928
1971-09,5.1603,5.5107,5.7152,5.8422,5.9257,5.9838,6.026,6.0579,6.0828,6.1028
1971-10,4.5242,4.9833,5.3157,5.5276,5.6652,5.7593,5.827000000000001,5.8779,5.9174,5.9491
1971-11,4.6539,5.0616,5.3648,5.5808,5.7347,5.8464,5.9295,5.9931,6.042999999999999,6.0831
1971-12,4.3542,4.7912,5.1087,5.3434,5.52,5.6554,5.761,5.8448,5.9123,5.9677
1972-01,4.243,4.9197,5.3311,5.5942,5.771,5.8953,5.9864,6.0556,6.1097,6.1531
1972-02,4.2036,4.8476,5.2582,5.5306,5.7185,5.8531,5.9528,6.0291,6.0889999999999995,6.1372
1972-03,5.0208,5.5715,5.8148,5.9438,6.0221,6.0744,6.1118,6.1399,6.1617,6.1792
1972-04,4.5459,5.1766,5.5261,5.7355,5.8703,5.9626,6.0294,6.0796,6.1187,6.1501
1972-05,4.569,5.0607,5.3870000000000005,5.6106,5.7687,5.8839999999999995,5.9706,6.0373,6.09,6.1326
1972-06,5.0769,5.5089,5.7368,5.8691,5.9528,6.0096,6.0505,6.0812,6.1051,6.1242
1972-07,4.7773,5.3989,5.6903,5.8488,5.9459,6.0111,6.0577,6.0926,6.1198,6.1415
1972-08,5.3263,5.7237,5.9478,6.0836,6.1717,6.2323,6.2761,6.3092,6.335,6.3556
1972-09,5.4438,5.8195,6.0145,6.1267,6.1972,6.245,6.2793,6.3051,6.3251,6.3412
1972-10,5.4437,5.8419,6.02,6.1148,6.1725,6.2111,6.2387,6.2594,6.2755,6.2884
1972-11,5.3223,5.6965,5.8919,6.0046,6.0756,6.1237,6.1583,6.1843,6.2045,6.2207
1972-12,5.657,5.9204,6.0547,6.1311,6.1788,6.2111,6.2343,6.2517,6.2652,6.276
1973-01,6.1379,6.279,6.3292,6.3521,6.365,6.3734,6.3794,6.3838,6.3873,6.39
1973-02,6.4345,6.597,6.6369,6.629,6.6054,6.5789,6.5543,6.5331,6.5152,6.5001
1973-03,6.9905,6.8679,6.7675,6.7043,6.6639,6.6365,6.6169,6.6022,6.5907,6.5815
1973-04,6.7314,6.7019,6.6603,6.6351,6.6194,6.6088,6.6013,6.5957,6.5913,6.5878
1973-05,7.0342,6.82,6.7415,6.7023,6.6787,6.662999999999999,6.6518,6.6434,6.6368,6.6316
1973-06,7.5887,7.0981,6.9194,6.83,6.7763,6.7405,6.715,6.6958,6.6809,6.669
1973-07,8.6946,8.0664,7.7588,7.6,7.5045,7.4408,7.3953,7.3612,7.3347,7.3134
1973-08,8.2944,7.6208,7.2854,7.12,7.0397,7.0018,6.9848,6.978,6.9761,6.9764
1973-09,7.2711,6.8676,6.67,6.5901,6.5756,6.5957,6.6325,6.6758,6.7202,6.7629
1973-10,7.0027,6.751,6.6859,6.6631,6.652,6.6451,6.6403,6.6367,6.6339999999999995,6.6317
1973-11,7.1822,6.8125,6.6891,6.6275,6.5905,6.5658,6.5482,6.5349,6.5247,6.5164
1973-12,7.2024,6.7885,6.6782,6.6632,6.6747,6.6911,6.7062,6.7189,6.7292,6.7377
1974-01,6.9926,6.7347,6.7191,6.7577,6.8001,6.8354,6.8629999999999995,6.8846,6.9017,6.9154
1974-02,6.9881,6.815,6.8253,6.8424,6.8541,6.8622,6.8679,6.8722,6.8756,6.8783
1974-03,8.1573,7.7276,7.5678,7.4872,7.4387,7.4064,7.3834,7.3661,7.3526,7.3419
1974-04,8.7808,8.3138,8.0802,7.9488,7.867000000000001,7.8119,7.7723,7.7427,7.7196,7.7011
1974-05,8.454,8.0729,7.902,7.8108,7.7553,7.7182,7.6917,7.6718,7.6563,7.6439
1974-06,8.5459,8.3018,8.1328,8.013,7.9259,7.861000000000001,7.8115,7.7729,7.7422,7.7173
1974-07,8.6473,8.5251,8.407,8.2929,8.1825,8.0758,7.9726,7.8729,7.7764,7.683
1974-08,9.4411,8.7922,8.4988,8.3483,8.2579,8.1975,8.1545,8.1221,8.097000000000001,8.0769
1974-09,8.0664,7.9713,7.9089,7.8758,7.8559,7.8426,7.8331,7.8259,7.8204,7.816
1974-10,7.7573,7.7712,7.7709,7.7577,7.7331,7.6984,7.6545,7.6026,7.5437,7.4785
1974-11,7.4107,7.4012,7.3913,7.3808,7.37,7.3587,7.3471,7.335,7.3227,7.3101
1974-12,7.1447,7.1538,7.1571,7.1587,7.1597,7.1604,7.1608,7.1612,7.1615,7.1617
1975-01,6.2389,6.67,6.9108,7.0414,7.1207,7.1737,7.2115,7.2399,7.2620000000000005,7.2796
1975-02,5.9168,6.2788,6.5945,6.8006,6.9345,7.0259,7.0916,7.1409,7.1793,7.21
1975-03,6.2417,6.7571,7.0298,7.1766,7.2657,7.3251,7.3676,7.3994,7.4242,7.444
1975-04,6.7913,7.412000000000001,7.6429,7.7587,7.8282,7.8746,7.9077,7.9325,7.9518,7.9672
1975-05,6.1062,6.7811,7.1327,7.3271,7.4464,7.5262,7.5833,7.6261,7.6594,7.686
1975-06,6.7608,7.1349,7.3454,7.4644,7.5322,7.5713,7.5941,7.6077,7.6160000000000005,7.6212
1975-07,7.1823,7.5714,7.7218,7.7699,7.7762,7.7667,7.7527,7.7384,7.7255,7.7142
1975-08,7.3436,7.6802,7.8182,7.8736,7.895,7.9025,7.9044,7.9043,7.9035,7.9025
1975-09,7.5426,7.9481,8.1054,8.1608,8.1755,8.1748,8.1691,8.1623,8.1559,8.1502
1975-10,6.3438,6.9265,7.2485,7.428,7.5381,7.6118,7.6644,7.7039,7.7347,7.7593
1975-11,6.5853,7.1416,7.4366,7.6067,7.7131,7.7846,7.8356,7.8738,7.9034,7.9271
1975-12,6.1325,6.6944,7.026,7.2314,7.3657,7.4584,7.5255,7.5762,7.6156,7.6472
1976-01,5.5627,6.4029,6.8866,7.1603,7.3291,7.4422,7.5231,7.5838,7.631,7.6687
1976-02,6.0952,6.7378,7.0558,7.2287,7.3342,7.4047,7.4551,7.492999999999999,7.5224,7.5459
1976-03,6.0262,6.6315,6.9556,7.1454,7.266,7.3481,7.4072,7.4516,7.4862,7.5139
1976-04,5.9891,6.582000000000001,6.9104,7.1071,7.2337,7.3205,7.3831,7.4303,7.4671,7.4965
1976-05,6.6995,7.2011,7.4238,7.5365,7.6016,7.6436,7.6729,7.6947,7.7116,7.7251
1976-06,6.3932,6.882999999999999,7.1583,7.3247,7.4324,7.5065,7.5601,7.6005,7.6319,7.6571
1976-07,6.1161,6.669,7.0008,7.211,7.3513,7.4495,7.5213,7.5758,7.6183,7.6524
1976-08,5.9275,6.4427,6.7808,7.0103,7.1714,7.2882,7.3756,7.4428,7.4958,7.5385
1976-09,5.8056,6.251,6.5760000000000005,6.8173,6.9995,7.1395,7.249,7.336,7.4063,7.4639999999999995
1976-10,5.5427,5.9922,6.3309,6.5896,6.7897,6.9468,7.0717,7.1725,7.2548,7.3229
1976-11,5.018,5.3661,5.6718,5.9409,6.1783,6.3883,6.5746,6.7402,6.8879,7.0199
1976-12,4.9313,5.3607,5.7077,5.9797,6.1907,6.3548,6.4833,6.5853,6.6674,6.7344
1977-01,5.6554,6.1686,6.501,6.7242,6.8797,6.9917,7.0751,7.1391,7.1894,7.2299
1977-02,5.5305,6.093999999999999,6.468,6.7241,6.9052,7.0372,7.1362,7.2126,7.2729,7.3216
1977-03,5.4275,5.9937,6.3923,6.6731,6.874,7.0209,7.1311,7.2159,7.2827,7.3364
1977-04,5.507000000000001,6.0494,6.4248,6.6909,6.8844,7.0285,7.1385,7.2242,7.2925,7.3478
1977-05,5.7504,6.1237,6.4143,6.6429,6.8245,6.9704,7.0887,7.1858,7.2662,7.3335
1977-06,5.6265,5.9819,6.2625,6.4859,6.6655,6.8112,6.9305,7.029,7.1112,7.1804
1977-07,6.0889,6.4129,6.65,6.8265,6.96,7.0629,7.1434,7.2075,7.2593,7.3018
1977-08,6.2191,6.4595,6.6425,6.7834,6.8934,6.9802,7.0497,7.1061,7.1523,7.1906
1977-09,6.5127,6.6948,6.8352,6.9446,7.0308,7.0995,7.155,7.2002,7.2374,7.2685
1977-10,6.8358,7.0398,7.1659,7.2475,7.3029,7.3421,7.3708,7.3928,7.4099,7.4237
1977-11,6.7586,6.9434,7.0731,7.1662,7.2345,7.2858,7.3252,7.356,7.3806,7.4007
1977-12,6.8873,7.1044,7.2616,7.3776,7.4647,7.5314,7.5833,7.6244,7.6575,7.6847
1978-01,7.1202,7.316,7.4573,7.5611,7.6389,7.6983,7.7444,7.781000000000001,7.8104,7.8344
1978-02,7.1602,7.4052,7.5633,7.6692,7.7428,7.7958,7.8352,7.8655,7.8892,7.9084
1978-03,7.2575,7.5263,7.6774,7.7688,7.827999999999999,7.8687,7.8982,7.9203,7.9376,7.9515
1978-04,7.4114,7.6945,7.8207,7.8878,7.9287,7.9559,7.9754,7.9901,8.0015,8.0106
1978-05,7.7821,7.9794,8.0492,8.0842,8.1052,8.1192,8.1292,8.1367,8.1425,8.1472
1978-06,8.1773,8.3074,8.3408,8.3557,8.3643,8.3701,8.3742,8.3773,8.3797,8.3816
1978-07,8.1543,8.2574,8.2808,8.2918,8.2984,8.3028,8.3059,8.3082,8.3101,8.3115
1978-08,8.2227,8.2396,8.2225,8.2094,8.2008,8.1949,8.1907,8.1876,8.1851,8.1832
1978-09,8.62,8.4319,8.3565,8.3186,8.2958,8.2806,8.2697,8.2616,8.2553,8.2502
1978-10,9.4729,9.177,8.9868,8.8828,8.8198,8.7776,8.7476,8.725,8.7074,8.6934
1978-11,9.7248,9.2456,8.9594,8.8003,8.7032,8.6383,8.5918,8.557,8.53,8.5083
1978-12,10.2781,9.7661,9.4085,9.1959,9.062999999999999,8.9736,8.9096,8.8616,8.8243,8.7944
1979-01,9.8233,9.3233,9.0262,8.8637,8.7648,8.6988,8.6517,8.6163,8.5888,8.5668
1979-02,9.921,9.4846,9.2288,9.0884,9.003,8.9459,8.9052,8.8746,8.8508,8.8318
1979-03,9.6876,9.3672,9.157,9.03,8.9496,8.8952,8.8563,8.827,8.8043,8.786
1979-04,9.8196,9.5032,9.2999,9.1803,9.1056,9.0553,9.0194,8.9924,8.9714,8.9546
1979-05,9.5538,9.171,8.9869,8.8901,8.8316,8.7925,8.7647,8.7438,8.7275,8.7145
1979-06,8.9277,8.6752,8.5898,8.5471,8.5215,8.5044,8.4923,8.4831,8.476,8.4703
1979-07,9.3854,9.003,8.8663,8.7979,8.7569,8.7295,8.71,8.6953,8.6839,8.6748
1979-08,10.0474,9.4881,9.2422,9.1158,9.0398,8.9891,8.9529,8.9258,8.9047,8.8878
1979-09,10.5186,9.796,9.4998,9.35,9.2601,9.2001,9.1573,9.1251,9.1001,9.0801
1979-10,12.3675,11.6522,11.1973,10.8982,10.6947,10.550999999999998,10.446,10.3668,10.3052,10.2561
1979-11,11.2762,10.6389,10.2874,10.0982,10.0006,9.954,9.9354,9.9316,9.9354,9.9427
1979-12,11.4596,10.7371,10.3205,10.0904,9.9727,9.9215,9.9088,9.9175,9.9374,9.9624
1980-01,11.7677,11.1889,10.8612,10.6926,10.6231,10.6138,10.6396,10.6847,10.7392,10.7968
1980-02,14.5097,13.9358,13.2341,12.7313,12.4214,12.2407,12.1362,12.0743,12.0357,12.0101
1980-03,15.1069,13.978,13.0822,12.47,12.0978,11.9013,11.8224,11.817,11.8542,11.9137
1980-04,10.6552,10.2123,10.0818,10.0927,10.1612,10.2473,10.3332,10.4118,10.4809,10.5406
1980-05,8.7056,8.9651,9.1042,9.2493,9.4126,9.581,9.7418,9.8879,10.0167,10.1284
1980-06,8.5252,8.8705,9.096,9.2447,9.3483,9.4299,9.506,9.5879,9.6829,9.7956
1980-07,9.076,9.5049,9.7395,9.8704,9.9544,10.0257,10.1031,10.1962,10.3082,10.4389
1980-08,11.0678,11.2505,11.2956,11.2632,11.1947,11.1182,11.0516,11.0058,10.9866,10.9962
1980-09,11.8352,11.7668,11.6226,11.492,11.4055,11.3667,11.3682,11.3998,11.4514,11.5151
1980-10,12.965,12.5516,12.3444,12.2345,12.1681,12.1238,12.0921,12.0684,12.0499,12.0351
1980-11,14.0755,13.262,12.8453,12.5853,12.4114,12.2898,12.2014,12.1346,12.0825,12.0408
1980-12,13.0568,12.2879,12.1179,12.0498,11.9982,11.9538,11.9165,11.8861,11.8615,11.8414
1981-01,13.5379,12.624,12.3514,12.2331,12.1661,12.1221,12.0909,12.0674,12.0492,12.0346
1981-02,13.6658,13.1795,13.0302,12.9557,12.911,12.8812,12.8599,12.8439,12.8315,12.8216
1981-03,12.5838,12.7252,12.7735,12.7977,12.8121,12.8218,12.8287,12.8339,12.8379,12.8411
1981-04,14.3715,14.0235,13.847000000000001,13.7158,13.6137,13.5354,13.4754,13.429,13.3924,13.363
1981-05,14.4828,13.8939,13.5262,13.2614,13.0803,12.9546,12.8638,12.7956,12.7425,12.7
1981-06,14.1452,13.853,13.6219,13.4434,13.3192,13.2326,13.17,13.1229,13.0863,13.0569
1981-07,15.4688,14.9866,14.6751,14.4249,14.2177,14.0485,13.9121,13.8023,13.7136,13.640999999999998
1981-08,16.11,15.6968,15.3142,15.0353,14.8433,14.7106,14.6162,14.5464,14.4929,14.4506
1981-09,15.6917,15.7815,15.5746,15.3498,15.1776,15.0611,14.9866,14.94,14.9108,14.8921
1981-10,14.0533,14.0358,14.0541,14.0829,14.11,14.1303,14.1427,14.1478,14.1469,14.1413
1981-11,11.3575,11.8977,12.1464,12.2578,12.3111,12.3448,12.376,12.411,12.4508,12.4943
1981-12,13.2576,13.445,13.4536,13.4627,13.4752,13.4866,13.4957,13.5028,13.5085,13.513
1982-01,13.7221,13.7523,13.7064,13.6667,13.6452,13.6375,13.6375,13.6411,13.6461,13.6513
1982-02,13.6109,13.7127,13.6395,13.527000000000001,13.4317,13.3713,13.3464,13.3505,13.3758,13.4151
1982-03,13.8479,13.8444,13.8088,13.7533,13.6875,13.6182,13.5499,13.4852,13.4255,13.3713
1982-04,13.3304,13.4278,13.3923,13.3196,13.2452,13.1802,13.1265,13.0829,13.0476,13.0187
1982-05,12.7374,13.052999999999999,13.1142,13.1156,13.1059,13.095999999999998,13.088,13.0817,13.0767,13.0727
1982-06,14.0085,14.1275,14.075,13.9778,13.8809,13.7974,13.7289,13.6735,13.6287,13.592
1982-07,12.547,12.8435,12.955,13.013,13.048,13.0713,13.088,13.1005,13.1102,13.118
1982-08,11.1616,11.7785,11.9681,12.0618,12.1179,12.1554,12.1821,12.2021,12.2177,12.2302
1982-09,10.3938,11.0633,11.2943,11.4098,11.4792,11.5254,11.5584,11.5832,11.6024,11.6178
1982-10,9.3025,10.0049,10.2861,10.4273,10.5121,10.5686,10.6089,10.6392,10.6627,10.6816
1982-11,9.2379,9.8271,10.2038,10.4418,10.5917,10.6867,10.7479,10.7881,10.8154,10.8347
1982-12,8.8379,9.4221,9.8298,10.1044,10.2811,10.3877,10.4463,10.4744,10.4854,10.4896
1983-01,8.913,9.5295,9.9762,10.2935,10.5141,10.664000000000001,10.7643,10.8315,10.8784,10.9149
1983-02,8.6276,9.2003,9.5975,9.8659,10.0424,10.156,10.229,10.2784,10.3172,10.3548
1983-03,9.2239,9.658,9.9705,10.1905,10.3417,10.4431,10.5101,10.5549,10.587,10.6139
1983-04,8.729,9.2063,9.5578,9.8115,9.9902,10.1128,10.1945,10.248,10.2831,10.3078
1983-05,9.2382,9.7467,10.1059,10.3528,10.5171,10.6224,10.6876,10.7274,10.7533,10.7741
1983-06,9.5668,10.0113,10.3275,10.5459,10.6915,10.7845,10.8411,10.874,10.8934,10.9072
1983-07,10.2044,10.7451,11.0795,11.2911,11.4285,11.5206,11.5844,11.6301,11.6642,11.6903
1983-08,10.3058,10.8785,11.2107,11.4126,11.5428,11.632,11.6962,11.7446,11.7823,11.8124
1983-09,9.6662,10.2634,10.651,10.9018,11.0648,11.1716,11.2427,11.290999999999999,11.3248,11.3491
1983-10,9.6085,10.2961,10.7436,11.0369,11.2315,11.363,11.4538,11.5183,11.5655,11.6011
1983-11,9.7146,10.3289,10.748,11.0143,11.1795,11.2825,11.3483,11.3921,11.4228,11.4453
1983-12,9.9521,10.5502,10.9368,11.187000000000001,11.3501,11.458,11.5309,11.5815,11.6176,11.6444
1984-01,9.7029,10.2756,10.6937,10.9772,11.1634,11.2846,11.3642,11.4176,11.4546,11.4813
1984-02,10.0702,10.6734,11.0817,11.3522,11.5295,11.6456,11.7221,11.7734,11.8085,11.8333
1984-03,10.6885,11.2276,11.5968,11.845999999999998,12.0109,12.117,12.1823,12.2196,12.238,12.2437
1984-04,10.7854,11.4054,11.8238,12.1025,12.2847,12.4008,12.4719,12.5124,12.5327,12.5395
1984-05,11.9241,12.5567,12.9188,13.140999999999998,13.282,13.3771,13.4453,13.4964,13.5362,13.568
1984-06,11.9854,12.7456,13.0482,13.1982,13.2869,13.3459,13.3881,13.4198,13.4446,13.4644
1984-07,11.6765,12.1545,12.3161,12.399000000000001,12.4557,12.4985,12.5318,12.5579,12.5787,12.5955
1984-08,11.6763,12.1244,12.3176,12.3963,12.4244,12.4309,12.4289,12.4239,12.4183,12.4129
1984-09,11.1979,11.7064,11.9635,12.0844,12.1331,12.1446,12.1378,12.1229,12.1052,12.0873
1984-10,10.2749,10.8345,11.1274,11.2826,11.3666,11.4135,11.4409,11.4579,11.4691,11.4771
1984-11,9.4893,10.2504,10.72,11.0045,11.1739,11.2737,11.3328,11.3695,11.3948,11.4153
1984-12,9.1143,9.9548,10.4881,10.8312,11.056,11.2066,11.3101,11.3834,11.437000000000001,11.4774
1985-01,8.9924,9.7278,10.2186,10.5378,10.7394,10.8631,10.9374,10.9826,11.013,11.0383
1985-02,9.7178,10.4262,10.905,11.2235,11.4322,11.5675,11.6555,11.7144,11.7569,11.7913
1985-03,9.5094,10.2664,10.7302,11.0214,11.2107,11.3395,11.4318,11.5016,11.5571,11.6029
1985-04,9.031,9.8355,10.3493,10.6863,10.9157,11.0791,11.2016,11.298,11.3772,11.4446
1985-05,8.0683,8.8326,9.3263,9.6447,9.8531,9.9952,10.0998,10.1854,10.2631,10.3397
1985-06,7.8124,8.6052,9.1723,9.5701,9.8435,10.0278,10.1508,10.2341,10.294,10.3429
1985-07,8.2007,8.9401,9.4775,9.8619,10.1326,10.3208,10.4512,10.5431,10.6113,10.6674
1985-08,7.9553,8.7677,9.3034,9.652999999999999,9.881,10.0327,10.1395,10.2225,10.2955,10.3673
1985-09,8.011000000000001,8.7718,9.2769,9.6148,9.8463,10.0128,10.1418,10.2511,10.3519,10.4507
1985-10,7.9583,8.5834,9.0251,9.3387,9.5649,9.732999999999999,9.863999999999999,9.9726,10.0688,10.1593
1985-11,7.7914,8.3148,8.6991,8.9852,9.2024,9.3712,9.5061,9.6172,9.7115,9.7938
1985-12,7.6074,7.9363,8.1951,8.4044,8.5788,8.728,8.859,8.9762,9.0828,9.181000000000001
1986-01,7.5967,7.942,8.2217,8.4533,8.6486,8.8159,8.9613,9.089,9.202,9.3027
1986-02,7.4333,7.6473,7.7883,7.8867,7.9608,8.0217,8.0756,8.1258,8.174,8.2209
1986-03,6.829,7.0092,7.1372,7.231,7.3023,7.3587,7.405,7.4443,7.4786,7.5091
1986-04,6.6112,6.9315,7.1297,7.2558,7.3405,7.4018,7.4505,7.4923,7.5306,7.5669
1986-05,6.8865,7.419,7.737,7.9282,8.0462,8.123,8.1773,8.2197,8.2561,8.2894
1986-06,6.5566,6.9431,7.1914,7.3545,7.4658,7.5457,7.6068,7.6565,7.6992,7.7374
1986-07,6.3173,6.6756,6.9403,7.1444,7.3081,7.4437,7.5589,7.6588,7.7465,7.8242
1986-08,5.5691,5.9834,6.2933,6.5353,6.7316,6.8959,7.0366,7.1592,7.2674,7.3635
1986-09,5.9166,6.4215,6.7843,7.0564,7.2692,7.442,7.5867,7.7107,7.8186,7.9138
1986-10,5.781000000000001,6.2049,6.5293,6.7891,7.0046,7.1874,7.3448,7.4816,7.6012,7.706
1986-11,5.7933,6.1229,6.3937,6.6254,6.8278,7.0058,7.1628,7.301,7.4225,7.5293
1986-12,6.1155,6.3613,6.5622,6.7421,6.9088,7.0639,7.2072,7.3381,7.4565,7.5628
1987-01,5.976,6.2254,6.4405,6.6337,6.8092,6.9687,7.1127,7.2419,7.3571,7.4596
1987-02,6.0294,6.2886,6.4822,6.6475,6.7981,6.9378,7.0668,7.185,7.292000000000001,7.3881
1987-03,6.2574,6.5257,6.7329,6.9106,7.0702,7.2153,7.3466,7.4647,7.5699,7.6632
1987-04,6.9239,7.3362,7.5338,7.7036,7.862,8.0018,8.1197,8.2169,8.2966,8.3621
1987-05,7.1744,7.6402,7.8522,7.9955,8.1184,8.2294,8.3282,8.4143,8.4882,8.5512
1987-06,6.9199,7.36,7.646,7.8547,8.0186,8.1524,8.2634,8.3562,8.4342,8.5002
1987-07,6.9092,7.4298,7.77,8.0134,8.2006,8.3519,8.4779,8.5847,8.6759,8.7543
1987-08,7.2432,7.773,8.1041,8.3356,8.5122,8.6544,8.7722,8.8714,8.9554,9.0271
1987-09,7.8631,8.4541,8.7799,8.997,9.162,9.2956,9.4064,9.499,9.5766,9.6419
1987-10,7.0578,7.6441,8.0177,8.2925,8.4963,8.6477,8.7614,8.8488,8.9173,8.9724
1987-11,7.1073,7.6733,8.0293,8.3007,8.5138,8.6802,8.81,8.912,8.9932,9.059
1987-12,7.232790278444001,7.682244989996001,7.945396276937999,8.171430455406,8.368012352594,8.534965973391,8.673804653817001,8.787035465,8.877442058510999,8.947756719671
1988-01,6.776966548954,7.133054557442,7.370985185986,7.565977328344,7.746006614881001,7.918184920611,8.081433670231,8.232286741243,8.367331906093,8.484066972539
1988-02,6.6361128719239995,7.0214244757949995,7.257737194754,7.444724585861,7.618137589094,7.786753710996,7.949257974488,8.101575175932,8.239775395407,8.361008868652
1988-03,6.845873040679,7.292915362261,7.572726039677,7.806990152511999,8.020404706774,8.214189764871,8.386036334851001,8.534592281482,8.659887422546001,8.762926409274
1988-04,7.0980721450479995,7.595515511612001,7.8813495693840006,8.091870092606,8.279028511126,8.458236447501001,8.63050236865,8.792256328912,8.939400872978,9.068745785294
1988-05,7.642271725421,8.089553688791,8.308364201017,8.486777425377001,8.655701577288001,8.813987306825,8.957148006596,9.082510634122,9.189274320582,9.277836812003
1988-06,7.514071682768001,7.885059594908,8.052584036972,8.194738778725,8.336848890071,8.474746961504,8.602225516058,8.715539356461,8.813156331368,8.894937190223
1988-07,7.91758704802,8.245252465797,8.392721363855,8.501583708076,8.617902745291,8.749203681996,8.889630558304,9.030416487515,9.163775731811,9.283986763064
1988-08,8.28859814391,8.544174652938,8.648292934382,8.732871968404,8.823767393326,8.91927521849,9.01317409398,9.100465507342,9.178136407253,9.244741856162
1988-09,8.110936839937,8.284693400859,8.353255224999,8.422569950923,8.502738069282,8.587073227402,8.66907596021,8.744762897779,8.812136375925,8.870435447866
1988-10,7.965456821930999,8.089740404196,8.122273158829,8.17452360031,8.253245730146,8.345715785474,8.440218009685001,8.529193063988,8.60848725578,8.676177861369
1988-11,8.610955526447999,8.690091488042,8.698701868218,8.726592139041,8.772346473465001,8.824981421028,8.876897139815,8.924037252927999,8.964558464739,8.997845230521
1988-12,8.964813736785999,8.971792922409,8.967077207213,8.984204184253,9.003686902521,9.017686085947,9.024345855493,9.023982790445,9.017614323107999,9.006404027003
1989-01,8.931939231379,8.933123103914,8.907778269576,8.893565869997,8.886187784276,8.879691916877,8.871049442196,8.859281154322,8.844432000962,8.826972458938
1989-02,9.396238787701,9.364880403733,9.306584315743,9.272664723454,9.251568598537,9.233782078415999,9.215152329884999,9.194423778389,9.171592548092,9.147116425477
1989-03,9.658414743207999,9.566274876418001,9.458948450168,9.3813218166,9.317395270046001,9.259963114708,9.207087315632,9.158462738533,9.1140905839,9.073907672204
1989-04,9.116164058521,9.042707271882,8.967009363076,8.931349546848,8.918989296491999,8.916040519849,8.915210564412,8.913173148034,8.908613316323,8.901189669683
1989-05,8.797914570363,8.658850411851999,8.598096651795,8.571078104604,8.556548183878,8.546658308919,8.538417889824,8.530655047491999,8.522933206003,8.515127474164
1989-06,8.133170387410999,7.958765356218,7.924580594759001,7.944499595145,7.978283921008001,8.011586985719001,8.039456786868,8.060454986883,8.074546343472,8.082264901788
1989-07,7.6449474364359995,7.453166998074,7.424404534734,7.459626528555,7.516749789019,7.578753983862,7.638554019456,7.693166954551001,7.741432139431,7.783053022192
1989-08,8.291397842739999,8.221845075485,8.186513026950001,8.178060747457,8.179410448632,8.183197674724,8.186569199233,8.188486891675,8.188666838152999,8.187147972473
1989-09,8.386307261514,8.284286304107999,8.262809218902,8.262486359616,8.265600004387,8.267393952534,8.266713146763001,8.263547844855,8.258255889076,8.251283191372
1989-10,7.853592301897,7.749371317681001,7.756239020793999,7.785347331236,7.816762865404001,7.844908473286999,7.868191627629,7.886391229292999,7.899803755489,7.9089152716680005
1989-11,7.6894395029250004,7.621098508554,7.645766452782,7.689267878069,7.727693225657,7.755787829972,7.7744761811070004,7.786185210145001,7.79325772219,7.797533695467
1989-12,7.823854852221,7.768380069879,7.775101015838,7.8012562089260005,7.829856379738,7.854959288882999,7.875136490842,7.890643618183,7.902241647146,7.910738927897
1990-01,8.099757841878999,8.156739726596,8.217771223088,8.262012213569,8.292420473822,8.313720527079001,8.329200790075001,8.340878709910001,8.349978612235,8.357262811256
1990-02,8.092463672033,8.251735460668,8.335807527092001,8.381000399628,8.408241668486001,8.42632851712,8.439211454909,8.448861498869,8.456363494616,8.462364092383
1990-03,8.319230963958,8.477833661002,8.542047709146,8.563892483897,8.569762766706999,8.570077231735999,8.568702482282,8.566997205366,8.565394896082,8.564002113753
1990-04,8.568408662080001,8.779900613856,8.862905019835,8.89560081302,8.909267535056,8.915597073608,8.918960846267,8.921027541262,8.922460520760001,8.923541412293
1990-05,8.136325119009,8.300894745881,8.401245023476,8.456785476856,8.488104260110001,8.505845317795,8.515679143298,8.520822728098,8.523175743966,8.523883840562
1990-06,7.96591031358,8.094410516137,8.181465909446,8.244949754009,8.291719333354,8.325883144912,8.350357926195,8.367344849413,8.378546437171,8.385293565962
1990-07,7.689138171861,7.802290357181,7.902436432183,7.989973689185,8.067170385699,8.135367252345,8.195407943299001,8.247909466068,8.293374905675,8.332241618957
1990-08,7.807783638806,8.014773140768,8.189552230272,8.336333423004,8.462956810789,8.5734189086,8.66993514409,8.753956793171,8.826568701705,8.888655296251
1990-09,7.713551647142,7.919079635506001,8.100735151199,8.260772892937,8.401189107985,8.523756811601,8.630055799019,8.721498241412,8.799350536163,8.864751979202
1990-10,7.489115269428001,7.68843067905,7.868287815065,8.029894276696,8.174390347281,8.302852586917,8.416297237567,8.515683450274,8.601916343673,8.675849902483
1990-11,7.322458451057,7.482529478154,7.627607737581,7.758558741372,7.876203320829,7.981319831648,8.074646252652,8.156882183221,8.228690744221,8.290700387057
1990-12,6.916427443432,7.146689022391,7.351482072386,7.532752767968,7.692310361713001,7.831836510793999,7.952893978811001,8.056934754319,8.145307624718999,8.219265241697
1991-01,6.6729783649689995,6.987331950581,7.233449856883,7.433973263135999,7.602143953261,7.74570711893,7.869248075583,7.975574453430999,8.066520953549,8.143408081896
1991-02,6.540293881498999,6.931492623154,7.224682971387,7.449332604853,7.625698583766,7.767583112027,7.884296885118,7.982051902439999,8.064944558697,8.135645378565
1991-03,6.425018097665,6.948839438009,7.3059223976870005,7.554129768485,7.73165601964,7.8633987816349995,7.965335933265001,8.047519191055,8.116110551537,8.174758627364
1991-04,6.245365915469001,6.781372788812,7.151579544105,7.419563716383999,7.6224437309169994,7.781888172572,7.910605973903,8.016151234476,8.103138387837,8.174520756362
1991-05,6.2288078210140005,6.758683303765,7.132918271012,7.415518102673,7.637538234327001,7.815609185026999,7.959652636604,8.076227643006,8.170055199710001,8.244754942309001
1991-06,6.330291897186,6.9265326218570005,7.336555443718,7.635836683923,7.863095573139,8.039731470762,8.178573230337,8.287955261051,8.373694529575,8.440095119247001
1991-07,6.207699943372999,6.754098775181,7.169376543504,7.485218429202,7.725693902299,7.909049171382001,8.049085096719999,8.156215281421,8.238277590396,8.301155719425
1991-08,5.797589557798001,6.296152644842,6.707075583824,7.044173554808,7.319170409742,7.542006685606,7.721103048977,7.863585548332,7.9754781449020005,8.061867215361
1991-09,5.53136475395,5.995199269828,6.3803639340460006,6.6993351534570005,6.962670561895,7.1792963736479996,7.356752482479,7.5014014460239995,7.618606610242,7.7128838703480005
1991-10,5.217312387703,5.7005555682089994,6.120040774582,6.482794725654,6.795106140911,7.062601448412,7.29031283515,7.482739407345999,7.643902151714999,7.777393319857
1991-11,4.841785377926,5.394338115155,5.873830879195,6.288100673731001,6.644253204129,6.948726294706,7.207348024428001,7.425390010743,7.607616236782,7.758327785421
1991-12,4.232302778896,4.81442630932,5.308871418683999,5.726962994392,6.078791312872,6.373334226803,6.618567936539001,6.821567374091999,6.988597137558,7.125193831354999
1992-01,4.426842144326001,5.158167235686,5.7552336305509995,6.239983677566,6.631102313897,6.944471333299,7.193562902217,7.38978021295,7.542752160327,7.660588051109
1992-02,4.507341336958,5.268346713395,5.8718941550390005,6.34747328007,6.719570999445,7.008466367474999,7.2309045736,7.400667894489999,7.529058856842999,7.625308656636999
1992-03,4.763165087663,5.6243938048699995,6.260485720637,6.726510221171,7.065086604008,7.309046038292,7.483546115039999,7.607747440301,7.6961402932939995,7.759592069838001
1992-04,4.4875546527850005,5.389662751047,6.0771169157089995,6.597138366058,6.987432456004,7.277993983432999,7.4925838742719995,7.649935329022,7.76473747231,7.848436208121001
1992-05,4.345630352612,5.148733799459,5.78146060867,6.277591316142,6.664724618690999,6.965346462959,7.197721376739999,7.376634774669,7.514010422828,7.619423407587
1992-06,4.168424998812,4.859666333434,5.445596806007,5.940065724328001,6.355305097266,6.702105155822,6.9899717022329995,7.227267109212001,7.42133661281,7.5786213810389995
1992-07,3.7417936384400003,4.428548547038,5.011588882993999,5.504408576796,5.9189879217209995,6.265949116153001,6.554696659075001,6.793544023037,6.989827898157,7.150011181708
1992-08,3.563517927936,4.209118594562,4.780545808844,5.284282139426,5.726329708123,6.112242870841,6.447158780084,6.735825962465,6.982631036383999,7.191623687297
1992-09,3.2185292995459998,3.867294877396,4.447645485755,4.964973809289,5.424310260793001,5.830345338332,6.187450669055001,6.499698814503,6.770881908046,7.0045291911389995
1992-10,3.7227701221369998,4.4577260884909995,5.093074234305,5.618631464292,6.044787967482001,6.38800218655,6.664692222686,6.889038766686999,7.072511977068,7.224084211423
1992-11,4.013778851667,4.834338553128,5.483747087627,5.981968443119,6.361248866596,6.651365570643,6.875888721758,7.052314451671999,7.193266816502,7.30776321248
1992-12,3.730429843394,4.505208267065,5.180397994293,5.710688617553999,6.113687858333,6.418885450035,6.652433125106,6.834166043193001,6.978279088889001,7.094729374780001
1993-01,3.5368180843580004,4.192352359029,4.772530398480001,5.261785994228,5.664936997273999,5.993991200294,6.262184943426,6.48156145665,6.662211603245,6.812242763706
1993-02,3.381081434864,3.924231940507,4.445698556843,4.908765982645,5.304551169732,5.636523359267,5.912780930038,6.142386624464001,6.33377753255,6.494199649109
1993-03,3.414189226888,3.961519323105,4.479780542258,4.939130186366,5.3328160068059995,5.664536811635999,5.941988757782,6.173725015463001,6.367751726867,6.531004847166
1993-04,3.3002139489499998,3.792657081807,4.307318285022,4.781150844743999,5.193165654549,5.541632432218,5.832697430535999,6.074923478045,6.276842234196,6.445994780448999
1993-05,3.6387502687800004,4.203946532031,4.6736756473089995,5.067253311641,5.399449488186001,5.6817096854789995,5.92301277111,6.130480949073,6.309819371381001,6.465637498028
1993-06,3.549405327826,4.023367389881,4.4286940935170005,4.776963289787,5.077568675165,5.338173186583,5.565060219252,5.763407261089999,5.9375003263999995,6.090902979874
1993-07,3.600641292816,4.115419433887,4.5363578481269995,4.883420835516,5.1719752319809995,5.4138940261520005,5.618389330861,5.792641773334,5.942276678,6.071724883497
1993-08,3.4463129644609998,3.846764868819,4.206267220167001,4.523994407228,4.802045063603,5.043945228477,5.253756231184,5.435564543760999,5.593209070687999,5.73015287898
1993-09,3.445137743373,3.887354250181,4.250399522942,4.553577312573,4.810773516739,5.0320435143669995,5.224733239626,5.394269472112,5.544716006461001,5.679164519062001
1993-10,3.53701785984,3.964125959415,4.316116729849,4.611491420894,4.863030425952,5.079757176884,5.268207535547,5.433249782872,5.578614894517,5.707240702924
1993-11,3.6706034061210002,4.1768809692,4.582511220819,4.914080917244,5.189437478395,5.42095646732,5.617517732845,5.785708257092001,5.9305625395099995,6.056026228635
1993-12,3.683366075574,4.207051227153,4.612443986623,4.938516399219,5.208374832892,5.436201851973999,5.631137517191,5.799431219909001,5.945626739830001,6.073213277584999
1994-01,3.565709743258,4.066243583573,4.454629110905,4.766501586883,5.024274024128,5.242245102937,5.429740580303,5.5930332967,5.7365095360269995,5.863373709516
1994-02,4.099515718959,4.649680271158,5.045457399629,5.356026409131,5.612172378785,5.828459749395,6.012819928752,6.17049851301,6.305574979209,6.421496653596
1994-03,4.552171684858,5.207936711827,5.6555776206149995,5.996910178406,6.26548535322,6.4780854750320005,6.646899823659,6.781794581062,6.890651960681,6.979571652758
1994-04,5.03206434087,5.723381915831999,6.129161588622,6.404042108434,6.609303621634999,6.772015652178,6.905600422876001,7.0175097560049995,7.112326233380999,7.193123321512999
1994-05,5.313799028521999,5.961860517311,6.324165807329,6.553371401115,6.721418669499,6.860723558375,6.984849639417,7.09873175658,7.2036247684940005,7.299421795258
1994-06,5.479536670083999,6.1078069628559994,6.462237239406001,6.715478586007,6.915326135432,7.079849824469,7.217861888135,7.33455180501,7.4334126152349995,7.517022533981001
1994-07,5.388086488882999,5.938869699805,6.256974353959,6.485590606065,6.6669095408759995,6.817143135979,6.944150685499,7.052502071043,7.145234574139,7.224567483942
1994-08,5.49561449599,6.0551864806980005,6.371039287548999,6.584908558486,6.749163664522,6.884335157984999,6.999800200149,7.100519781691,7.189453852244999,7.26854532849
1994-09,5.910917644184999,6.5118554532360005,6.85353512667,7.064818012005,7.212404143943,7.32954098745,7.431840942347,7.5258978354709996,7.613908096145999,7.696094759817999
1994-10,6.122855744132,6.7239009614339995,7.047562006460001,7.255546185858999,7.406458297635,7.524508461637,7.621106278972,7.702322013128001,7.771741704183,7.831676643502001
1994-11,6.8063,7.3168,7.5118,7.6135,7.6791,7.7272,7.7654,7.7974,7.8252,7.8499
1994-12,7.2524,7.563,7.6626,7.7117,7.7418,7.7628,7.7788,7.7917,7.8024,7.8116
1995-01,6.7851,7.1627,7.3169,7.3936,7.4404,7.4745,7.5029,7.5281,7.5515,7.5736
1995-02,6.3772,6.6846,6.8329,6.9209,6.9888,7.0512,7.1117,7.1705,7.2266,7.279
1995-03,6.408348338603999,6.699819104611,6.840342026763,6.924653338535,6.990566507015001,7.0512203916209995,7.109870246433,7.166363883280001,7.219772335732,7.2693169928820005
1995-04,6.246391232641,6.497484921859,6.6397819614680005,6.727952367416,6.792463006843,6.849288788221999,6.905933810784,6.965122081275001,7.027025713646999,7.090582517998
1995-05,5.771464557000001,5.812917685242,5.869037625894999,5.935801775813,6.009809464825,6.088210995328,6.168640707243,6.249155052035,6.328176148462,6.404440940223
1995-06,5.68127326596,5.760062038268,5.822074898875001,5.880733813909,5.94232257329,6.0089699958630005,6.080516458312,6.155658895814001,6.232633985713,6.309609302342
1995-07,5.674712270912,5.832782199154,5.957875370358,6.062425499497,6.154367399309,6.238573468177,6.317864703115999,6.393717005822,6.466750131096999,6.537062307476
1995-08,5.634153682589001,5.774153640405999,5.876600371897,5.9592394985979995,6.032465028197,6.101963900167,6.170479707859,6.238976804466,6.307398443484,6.375151879731
1995-09,5.675856278901,5.792660985059,5.8628391658389996,5.913740951065,5.959981217166,6.008548344815,6.062012026095999,6.120509378353,6.182951621021,6.247738022355
1995-10,5.538909050739,5.591577916242,5.649000781678,5.709812391113,5.772780981236,5.8368095302750005,5.900932918791,5.964312277152,6.026227491346999,6.086068600354
1995-11,5.34994092523,5.329611987323,5.371483142325999,5.436739622706,5.510162640441001,5.585304330556999,5.659237190725,5.730565975569999,5.798617290987999,5.863082943226
1995-12,5.13797249319,5.147299506413,5.207285069859,5.278858829634,5.35225018437,5.424326007668,5.493861827739,5.560343429931001,5.6235675032,5.683482116182
1996-01,4.9203163594,4.927549087792,5.022852506117,5.137204687432,5.2515476970209995,5.360398245765,5.462187204444,5.556577566634999,5.643664818018,5.723712523613
1996-02,5.180459739157,5.357594640507,5.5034044926479995,5.630837794523,5.747072339375,5.855806674048001,5.958707597961,6.056311474792,6.148574721207,6.2352010806500004
1996-03,5.4596518581060005,5.7342963388329995,5.889314007129,5.993111703873,6.078458669457,6.159558547144001,6.241320063308001,6.32429673517,6.4072473237150005,6.488407607476
1996-04,5.623354964272,5.973407700856,6.161256461999001,6.277467426068999,6.365430308932001,6.444358987,6.521503360311001,6.598520400654,6.674714507424,6.748622338674999
1996-05,5.731876475118001,6.158464046111,6.377110945937999,6.499588421785999,6.581218025101,6.647842650607999,6.710327819319999,6.772247536485,6.833876097691999,6.8941998387479995
1996-06,5.739496668371,6.076532297586,6.2427356475349995,6.340087584955,6.4134920877649995,6.480907309939999,6.548102053131,6.615728154853,6.682599782793,6.747132951217999
1996-07,5.841850916375999,6.152008055294,6.319821841313,6.422574596688,6.497763227983,6.562492318433,6.623717891731,6.6835758577719995,6.742093280807,6.7985228070720005
1996-08,5.838554512719001,6.271242388233,6.466599742532001,6.574835954759001,6.654246717158,6.725479726553,6.7944482765859995,6.861772297954,6.926514059516999,6.987550980908999
1996-09,5.720442654797,6.039212713611,6.207954298635,6.326982911767,6.422776587806999,6.504736037415,6.577057357666,6.641955460264,6.700756501832,6.754336448896001
1996-10,5.48780667908,5.696338789592001,5.847165819895,5.962499540851001,6.056457383118,6.137746426986,6.211507684141999,6.280574637649,6.346324762770999,6.409249505486
1996-11,5.383091424628001,5.534768781345,5.635857251109001,5.712004146833,5.777649940409,5.840331743047,5.903445358407001,5.967997202943,6.0336983992110005,6.099633786567
1996-12,5.5791514657070005,5.825916690351,5.9810052081350005,6.084290697605,6.159854126124,6.2217143421420005,6.277582496437,6.331302025349999,6.384418289161,6.4371750683930005
1997-01,5.592016540392,5.855169085662,6.021711492350001,6.133941196077,6.217275427482001,6.286428485418,6.349439202987,6.410275428269,6.470500922144001,6.530327928198
1997-02,5.704566837641,5.9967049194449995,6.163922107345001,6.264617202564,6.332654275925,6.3868446760549995,6.436933373125,6.487343920713,6.539493668573999,6.593202745353
1997-03,6.021603934187,6.362396540802,6.5405097132089995,6.640485242201001,6.706089312423001,6.758783600683,6.808129914319,6.857576239227001,6.907617871519,6.957481064033001
1997-04,5.894821745439,6.195109344695999,6.3525871104639995,6.442758521244,6.5044776840209995,6.556540974067,6.6070618785469994,6.658696091986,6.711499010257,6.764446113694
1997-05,5.801766000034,6.130240502772,6.289304472941001,6.375918681991,6.435680219095,6.488410170211999,6.541434349312,6.596356510193,6.652425109826,6.708141326273
1997-06,5.7407664812290005,6.023909695706,6.176856494841,6.2650525223810005,6.324346212007001,6.373308286085,6.4206585141620005,6.469691212954,6.520871715612,6.573327358011
1997-07,5.543238331594,5.654722702173999,5.730434161914999,5.787924665226999,5.837393410203,5.884354634041999,5.931409760617,5.979412012891999,6.028221235152,6.077184195895
1997-08,5.705423964263001,5.915998375449999,6.032214095056,6.106056125606001,6.163360706599,6.2159329336689995,6.2683057975750005,6.321447433397,6.3747465290709995,6.427038245415
1997-09,5.614980128267,5.749855610866,5.836385009461,5.908005545122,5.971367850908001,6.0288263692470005,6.0815013990989994,6.1300442099709995,6.174892407165999,6.216372357983
1997-10,5.505164052917,5.596995059166,5.650032826196001,5.6877201519280005,5.722118313918,5.758678902616,5.79915928327,5.843375197874,5.890231042862999,5.9383062742309995
1997-11,5.651535585066,5.733951668932001,5.765091979566,5.775303677077,5.780897638577,5.7897967240199995,5.805065408366,5.827085703494999,5.854874292628,5.8868597402
1997-12,5.565365977043,5.615786506556,5.639267342614,5.65210354493,5.663369240053,5.677605336076,5.6965889448119995,5.720484269159,5.7485794316089995,5.779748221504001
1998-01,5.326119197895,5.30214006112,5.304850747173,5.327069006892,5.363073326058,5.408325894171,5.459247554462,5.51303491325,5.567511663256,5.621007689550001
1998-02,5.478817976318999,5.503721467740999,5.520146176775,5.536449488668,5.556726193582,5.582458735251,5.613600996935,5.649278641833,5.688231878508001,5.729086848327
1998-03,5.495219422401,5.557820712840001,5.5859530473909995,5.60133291849,5.615477098473001,5.6337616956800005,5.6579926327,5.688010128709999,5.722670935471999,5.760433463003
1998-04,5.466788806195001,5.551867693109,5.570773320894,5.584090321189,5.607087628606,5.640223191734001,5.680151459081,5.723347975686999,5.7670652262279996,5.809404635588
1998-05,5.4841330230850005,5.504015839040999,5.503907879177,5.51869650514,5.542990517015999,5.571574252545,5.601611204816999,5.631637819398001,5.660883792658,5.688936476368
1998-06,5.4244757530420005,5.473390415719,5.465166818796999,5.453403158491,5.451393278509999,5.45960551209,5.475290270677,5.4955432877709995,5.518083459736,5.541302071325001
1998-07,5.394129525058,5.463635442387,5.479840626568,5.479408065174001,5.479377902694,5.486393330219999,5.501858211228,5.524759156732,5.55316185401,5.584966190075001
1998-08,5.055343662197,4.989993838197,4.958743825765,4.953711825459,4.968339917085,4.997223451706,5.035949471632001,5.080948813978,5.129363941967,5.178932900826
1998-09,4.5112197030339996,4.3723476619040005,4.303252395633,4.286779486421,4.309178397999,4.359475315648,4.42895836581,4.510755292679,4.599487186541,4.690984755974
1998-10,4.3968159091070005,4.303780067057,4.280613467554,4.308756747529,4.373368134116,4.462656482164999,4.56732805525,4.680128136149,4.795461656734,4.909079635398
1998-11,4.623861661997,4.587735470188,4.5813434661059995,4.598204248539,4.632835774480999,4.680621512753,4.737693300360999,4.800828898013,4.867362475959,4.935106468991
1998-12,4.604132308857,4.582928962501001,4.590021990275,4.618958637856,4.664295959756,4.721465133187,4.7866526330229995,4.856696265259999,4.92899428764,5.001426051149
1999-01,4.631452939802,4.606102251986,4.577019043557,4.573813308920999,4.60128365941,4.654550932896,4.726000144919,4.8082174632740005,4.895036391197,4.981740818012
1999-02,4.988886263719,5.121085915297,5.180789539556001,5.220277597613,5.261629162126,5.311896896957,5.371177914746999,5.436781256907,5.505282940863,5.573461787883001
1999-03,4.842035559773,4.990334446182,5.07262134988,5.136950650409,5.202977266005,5.276463343793,5.356904171638,5.441409057284,5.52657712301,5.609324253182
1999-04,4.894796254637,5.0584409668440005,5.135048050956,5.1884769629,5.244373998621,5.310205402289,5.385473272786,5.4667520013090005,5.550039158040001,5.631748262978999
1999-05,5.12038648513,5.394609971159,5.528566903635,5.602363784147,5.65514430384,5.7042523366369995,5.755869812783001,5.810814510569,5.86761763143,5.924093098451
1999-06,5.240924772408,5.479818232869,5.5796046187810004,5.6459970299030005,5.713295976267,5.788243289038,5.868315925595,5.948925855739,6.025949212733999,6.096385423975001
1999-07,5.307095260921,5.5817004988,5.723177825467,5.811519985807,5.882379247655,5.9496484334440005,6.017101437869001,6.084243252015001,6.14913763561,6.209687750625
1999-08,5.4873969337520005,5.703722611955,5.799229066974,5.871036318283,5.945534547045,6.025293716355,6.106439000383,6.184548872178,6.256287459697,6.3195767612010005
1999-09,5.383328669960999,5.591110199521,5.687019003666,5.761329420077,5.840716094458999,5.928281677195,6.019870820834,6.110256371556,6.19515465158,6.271626841664999
1999-10,5.555691258458,5.7620462740030005,5.8395874150300005,5.894875004968999,5.9579345419120004,6.031757344594,6.111526003962999,6.191514500753,6.267167778362,6.335425547169
1999-11,5.78169595316,5.9437457130019995,5.992524922575999,6.028519963794,6.079558363726,6.147022790035,6.224531260076,6.304914031269,6.382406462277,6.453014740247999
1999-12,6.017326674396,6.183212337487,6.226346773857,6.280346514979,6.353506312842,6.4346010786,6.51411573544,6.5864998671790005,6.649076961806,6.700890119585
2000-01,6.293477439608001,6.54579405715,6.604054809479001,6.617202393714,6.626399787553001,6.639135558733,6.6539483743900005,6.6680610863859995,6.679349686267999,6.686583424321
2000-02,6.27814428138,6.45441831612,6.506327413706,6.532803382141,6.550733472856,6.561143355396,6.563536242746,6.55816842895,6.545935149497,6.528008111289001
2000-03,6.34298744882,6.409472718946001,6.351671849285,6.284213227801,6.2350245229159995,6.2049996268009995,6.1885417364310005,6.179951294142,6.174952633256,6.1707138002779995
2000-04,6.486366536535,6.584078812846,6.538317443098,6.480989693573999,6.436267618523001,6.4032675863,6.377467064465,6.355316882883001,6.334663430048,6.314362748521
2000-05,6.674952840556999,6.650208735355,6.55047475566,6.495840943861,6.467487337313,6.449831079667,6.435551638409,6.421571609319,6.406731358151999,6.3907265186940005
2000-06,6.406459918912,6.342978688036999,6.235610793731,6.175045717365,6.151073643572,6.14697104162,6.151893584177,6.159834577583999,6.167644574871,6.1737457563069995
2000-07,6.3774799155710005,6.278701092335,6.188159913769,6.137171978824,6.113002299375,6.102771044622,6.098558286903,6.096092334155,6.0932223504489995,6.0889526744780005
2000-08,6.2730361251460005,6.114004291044,5.997055849971,5.932234558505,5.901724949031,5.89022821505,5.888138410699001,5.8899642437779995,5.892692766868,5.894726933983001
2000-09,6.18769830029,5.941011689716,5.813367467512999,5.776791897324999,5.789548814634,5.825037580491,5.868714342202,5.9130002115639995,5.9540578601,5.990045147131999
2000-10,6.214249070805,5.90783490437,5.775247859553,5.739605464665001,5.74649588014,5.770665092761001,5.800676650388,5.831164494311,5.859551042903,5.884626431752
2000-11,5.943332276688,5.623411328452,5.470472898569,5.412067480255001,5.406434864845999,5.429254334722001,5.466243516673,5.508977150140001,5.552495180748,5.59391565175
2000-12,5.446166050374,5.145769743319,5.032632291601,5.014540250594,5.044159819078001,5.096598232474,5.158477841821,5.222495107585,5.28464265647,5.3427520768150005
2001-01,4.734283074076,4.6695765624889995,4.730020181434,4.8277620599599995,4.933815015878,5.03754587294,5.134793039595,5.223963543902,5.3045902612199995,5.376735532546999
2001-02,4.542335686831,4.464595732427,4.525604116575001,4.627849692273,4.739779164021,4.849901177892,4.953692527337,5.049377751442,5.136385904821,5.214715779728
2001-03,4.170354352013001,4.215354086434,4.353366242743,4.510429429095,4.664992159587,4.8100034214109995,4.9431449429650005,5.063884114905,5.172436052719999,5.269345546148
2001-04,4.068623045787,4.335815432713,4.5805078381760005,4.792550006223,4.978272468859,5.141699520575,5.285558684473,5.411962159993,5.522675200326001,5.619232096331
2001-05,3.8271787204320002,4.267598846088,4.582657540786,4.828705405011,5.032965845049,5.206700908498,5.355853732368,5.484237539883,5.594632220745,5.689232074218
2001-06,3.8848983400129997,4.29498918656,4.601045735233,4.844637668164,5.047763063306999,5.220210089936,5.367466331089,5.493237979084,5.600333775673,5.691030722759
2001-07,3.4896255744889997,3.825085173518,4.144167401852,4.404351371713,4.621030471615,4.805445500027,4.964182612156,5.101436497118,5.220182373026001,5.322712271618999
2001-08,3.3227,3.6758,3.9989,4.2599,4.4777,4.6636,4.824,4.9629,5.0832,5.1872
2001-09,2.4861,2.9036,3.3337,3.7026,4.0155,4.2839,4.5161,4.7179,4.8933,5.0456
2001-10,2.0202,2.4903,2.9663,3.3589,3.6829,3.9554,4.1874,4.3861,4.5566,4.7026
2001-11,2.079,2.8536,3.4417,3.8789,4.2231,4.5048,4.74,4.9382,5.1057,5.2472
2001-12,2.0841,3.0627,3.7433,4.2103,4.5575,4.8304,5.0517,5.2339,5.385,5.5106
2002-01,2.2689,3.1381,3.7572,4.1942,4.5244,4.7862,4.9995,5.1755,5.3217,5.4431
2002-02,2.19,3.0313,3.6158,4.0377,4.3668,4.6349,4.8580000000000005,5.0456,5.2038,5.3371
2002-03,2.7535,3.69,4.2862,4.6948,4.9986,5.2368,5.4291,5.5869,5.7171,5.8248
2002-04,2.298,3.234,3.8567,4.2803,4.5956,4.8445,5.0475,5.2159,5.3568,5.475
2002-05,2.3312,3.1684,3.7146,4.1143,4.4334,4.6988,4.9238,5.1161,5.2809,5.4222
2002-06,2.0580000000000003,2.8456,3.4232,3.8502,4.1888,4.4694,4.7076,4.9123,5.0892,5.2423
2002-07,1.7066,2.2241,2.7731,3.2384,3.63,3.9645,4.2534,4.5044,4.7229,4.9128
2002-08,1.7241,2.1109,2.5421,2.9406,3.2983,3.6169,3.8994,4.1486,4.3675,4.5588
2002-09,1.4887,1.7048,2.0457,2.4089,2.7597,3.0861,3.3843,3.6537,3.8951,4.1101
2002-10,1.3795,1.6908,2.1106,2.5311,2.9252,3.2857,3.6116,3.9038,4.1642,4.395
2002-11,1.53,2.0892,2.5797,3.0049,3.3777,3.7061,3.9955,4.2502,4.4735,4.6685
2002-12,1.2389,1.5945,2.035,2.4584,2.8458,3.195,3.5075,3.7855,4.0317,4.2487
2003-01,1.2788,1.7249,2.224,2.6716,3.0605,3.3988,3.6944,3.9531,4.1798,4.3781
2003-02,1.2199,1.5273,1.9454,2.3573,2.7337,3.0705,3.3699,3.6355,3.8707,4.0785
2003-03,1.1654,1.5392,2.0058,2.4459999999999997,2.8389,3.1862,3.4929,3.7642,4.004,4.2158
2003-04,1.1634,1.5326,2.0186,2.4799,2.8853,3.2352,3.5369,3.7982,4.0253,4.2231
2003-05,1.1338,1.3252,1.6363,1.9831,2.3267,2.6502,2.9469,3.2153,3.4559,3.6702
2003-06,1.0331,1.3274,1.7167,2.1134,2.4851,2.8219,3.1229,3.3906,3.628,3.8383
2003-07,1.2617,1.8192,2.3984,2.9184,3.3703,3.7612,4.0998,4.3935,4.6482,4.8687
2003-08,1.3016,1.9445,2.5518,3.0585,3.4789999999999996,3.8329,4.1345,4.3937,4.6171,4.8099
2003-09,1.08,1.4792,1.9762,2.4441,2.859,3.2225,3.5408,3.82,4.065,4.2798
2003-10,1.275,1.8494,2.4032,2.8789999999999996,3.2854,3.6356,3.9397,4.205,4.4366,4.6386
2003-11,1.4354,2.0537,2.5786,3.0151,3.3866,3.7084,3.9898,4.2368,4.4538,4.6442
2003-12,1.2427,1.825,2.3796,2.8496,3.2465,3.5862,3.88,4.1359,4.3593,4.5544
2004-01,1.2652,1.8317,2.3609999999999998,2.8078,3.1860000000000004,3.5109,3.7929,4.0394,4.2553,4.4445
2004-02,1.1586,1.6451,2.1693,2.6262,3.0125,3.3413,3.6245,3.8707,4.0859,4.2745
2004-03,1.161,1.5759999999999998,2.0283,2.4448,2.8163,3.1463,3.4394,3.6997,3.9306,4.135
2004-04,1.6193,2.3449,2.8898,3.315,3.6658,3.9649,4.2239,4.4499,4.6477,4.8209
2004-05,1.8555,2.5613,3.0873,3.5014,3.8433,4.1334,4.3833,4.5999,4.7882,4.9517
2004-06,2.0742,2.7075,3.1654,3.5307,3.8393,4.1064,4.3401,4.5452,4.7254,4.8834
2004-07,2.0969,2.6838,3.1074,3.4496,3.7418,3.9971,4.2223,4.4217,4.5982,4.7544
2004-08,1.9759,2.3932,2.7498,3.0635,3.3444,3.5983,3.8287,4.0377,4.2267,4.3968
2004-09,2.2276,2.6039,2.903,3.1639999999999997,3.4031,3.6262,3.8346,4.0279,4.2058,4.3677
2004-10,2.2518,2.5453,2.8177,3.0735,3.3138,3.5386,3.7475,3.94,4.1161,4.2757
2004-11,2.6631,3.0298,3.2907,3.5099,3.7119,3.9041,4.0873,4.2599,4.4204,4.5674
2004-12,2.7691,3.0653,3.2722,3.4518,3.6247,3.795,3.9611,4.1202,4.2694,4.407
2005-01,2.9727,3.2573,3.4251,3.5557,3.6788,3.8022,3.9259,4.0473,4.1633,4.2716
2005-02,3.2539999999999996,3.5845,3.7567,3.8734,3.9757,4.077,4.1797,4.2817,4.3804,4.4732
2005-03,3.4287,3.7855,3.9514,4.0541,4.1429,4.2334,4.3275,4.4227,4.5156,4.6031
2005-04,3.3855,3.6232,3.725,3.7923,3.8608,3.9392,4.026,4.1169,4.2076,4.2946
2005-05,3.3845,3.5692,3.6303,3.6672,3.7129,3.7738,3.8468,3.9268,4.0087,4.0887
2005-06,3.5033,3.6194,3.6445,3.6589,3.6879,3.7349,3.7957,3.8645,3.9363,4.0069
2005-07,3.8567,4.0108,4.0508,4.0645,4.0842,4.1179,4.1644,4.2192,4.2777,4.3361
2005-08,3.7522,3.8071,3.8086,3.8094,3.8261,3.8605,3.9083,3.9646,4.0246,4.0844
2005-09,4.1353,4.1302,4.1174,4.1411,4.1823,4.2299,4.2788,4.3266,4.3721,4.4146
2005-10,4.3269,4.4013,4.4003,4.3957,4.4083,4.4397,4.4846,4.5373,4.5925,4.6465
2005-11,4.3798,4.3993,4.3699,4.3517,4.359,4.3896,4.4363,4.492,4.5507,4.6083
2005-12,4.4007,4.3815,4.3389,4.3066,4.2946,4.3026,4.3262,4.3604,4.4004,4.4422
2006-01,4.5557,4.4998,4.4596,4.4391,4.4372,4.4505,4.4751,4.507,4.543,4.5803
2006-02,4.69,4.6588,4.6165,4.5807,4.5577,4.5484,4.5508,4.562,4.5791,4.5994
2006-03,4.8263,4.8103,4.7813,4.7624,4.7603,4.7745,4.8014,4.8368,4.8765,4.9172
2006-04,4.8822,4.8381,4.8209,4.8283,4.8554,4.8968,4.9474,5.0027,5.0591,5.1138
2006-05,5.0399,5.0028,4.9668,4.9502,4.9563,4.9818,5.0213,5.0692,5.1206,5.1718
2006-06,5.2101,5.1304,5.0576,5.0167,5.0076,5.0223,5.0523,5.0903,5.131,5.1707
2006-07,5.0645,4.9342,4.8593,4.827,4.8258,4.8462,4.8803,4.9221,4.9671,5.0117
2006-08,4.9509,4.7425,4.6434,4.6089,4.6118,4.6355,4.6697,4.7084,4.7477,4.7853
2006-09,4.8775,4.6603,4.552,4.5101,4.5077,4.5282,4.5609,4.5991,4.6385,4.6766
2006-10,4.8797,4.6572,4.5426,4.4947,4.4872,4.5034,4.5327,4.5683,4.6057,4.6423
2006-11,4.8173,4.5687,4.4336,4.3708,4.3532,4.363,4.3887,4.4226,4.4596,4.4965
2006-12,4.953,4.7738,4.6687,4.6164,4.6006,4.6094,4.6339999999999995,4.6676,4.7056,4.7444
2007-01,5.0035,4.8697,4.7881,4.7453,4.7307,4.736000000000001,4.7547,4.782,4.8139,4.8476
2007-02,4.8384,4.6016,4.4811,4.4327,4.4281,4.4491,4.484,4.5253,4.5682,4.6097
2007-03,4.8309,4.5896,4.4797,4.4481,4.4619,4.5009,4.5524,4.6086,4.6648,4.718
2007-04,4.8408,4.575,4.4561,4.4212,4.4333,4.4707,4.5204,4.5744,4.6283,4.6793
2007-05,4.9679,4.8813,4.8154,4.7781,4.768,4.7797,4.8069999999999995,4.8441,4.8861,4.9292
2007-06,4.9173,4.8475,4.8202,4.8233,4.8474,4.8848,4.9296,4.9775,5.0251,5.0699
2007-07,4.7404,4.5331,4.4761,4.4933,4.5452,4.611000000000001,4.6795,4.745,4.8046,4.8569
2007-08,4.2885,4.151,4.1143,4.1426,4.2101,4.2986,4.3955,4.4922,4.5832,4.6652
2007-09,4.0275,3.9578,3.9834,4.065,4.1752,4.2961,4.416,4.5278,4.6274,4.713
2007-10,4.0285,3.9101,3.9112,3.9806,4.0846,4.2016,4.3181,4.4263,4.5223,4.6042
2007-11,3.1942,3.0362,3.0841,3.2343,3.4252,3.6215,3.8045,3.9655,4.1016,4.2134
2007-12,3.2102,3.0303,3.0733,3.2294,3.4322,3.6432,3.8412,4.0162,4.1644,4.2859
2008-01,2.1363,2.1475,2.3194,2.5666,2.8393,3.1092,3.3612,3.5881,3.7872,3.9585
2008-02,1.6168,1.6214,1.8822,2.2242,2.5738,2.9017,3.1974,3.4588,3.6868,3.8837
2008-03,1.4636,1.6041,1.8392,2.1278,2.4402,2.7553,3.0588,3.3414,3.5974,3.8236
2008-04,1.9032,2.21,2.5067,2.7891,3.0541,3.2998,3.5249,3.7291,3.9121,4.0743
2008-05,2.25139999389648,2.60179996490479,2.9188001155853303,3.20449995994568,3.4609999656677206,3.69050002098083,3.89490008354187,4.07590007781982,4.2351999282836905,4.37459993362427
2008-06,2.29550004005432,2.5969998836517303,2.87809991836548,3.13800001144409,3.3763000965118395,3.5931000709533705,3.7888000011444105,3.96379995346069,4.11899995803833,4.2551999092102095
2008-07,2.19029998779297,2.4723999500274703,2.74979996681213,3.0167999267578103,3.26939988136292,3.5050001144409197,3.7214999198913596,3.91810011863708,4.09429979324341,4.25010013580322
2008-08,2.13269996643066,2.3385999202728303,2.5768001079559304,2.82859992980957,3.0806000232696498,3.3232998847961404,3.55040001869202,3.75789999961853,3.94370007514954,4.10669994354248
2008-09,1.7961000204086297,1.98800003528595,2.2864999771118195,2.62899994850159,2.9758999347686803,3.3029999732971205,3.59689998626709,3.8515000343322794,4.0651998519897505,4.23939990997314
2008-10,1.33249998092651,1.4104000329971298,1.79180002212524,2.31170010566711,2.8675000667572004,3.39800000190735,3.87019991874695,4.26859998703003,4.58949995040894,4.8354997634887695
2008-11,0.7710999846458441,0.777999997138977,1.05879998207092,1.47200000286102,1.9280999898910502,2.37299990653992,2.77629995346069,3.12339997291565,3.4093000888824503,3.6350998878479
2008-12,0.384999990463257,0.571300029754639,0.864199995994568,1.2057000398635902,1.55680000782013,1.8927999734878502,2.1988000869751,2.4667999744415297,2.69359993934631,2.87910008430481
2009-01,0.544700026512146,0.816399991512299,1.1806000471115101,1.5855000019073502,1.99609994888306,2.3891000747680695,2.74990010261536,3.07039999961853,3.34689998626709,3.57870006561279
2009-02,0.723800003528595,0.9617999792099,1.31350004673004,1.71589994430542,2.12730002403259,2.52090001106262,2.8805999755859397,3.1979999542236297,3.46950006484985,3.69519996643066
2009-03,0.571600019931793,0.7750999927520749,1.06610000133514,1.39979994297028,1.74539995193481,2.08240008354187,2.3977000713348398,2.6835999488830597,2.9363999366760294,3.1547000408172594
2009-04,0.51690000295639,0.9121000170707699,1.3236999511718799,1.73239994049072,2.12470006942749,2.4916000366210898,2.8273999691009504,3.12899994850159,3.39540004730225,3.6264998912811297
2009-05,0.49120000004768394,0.9107000231742859,1.39240002632141,1.88419997692108,2.35409998893738,2.78369998931885,3.1638998985290496,3.49180006980896,3.76830005645752,3.9965000152587904
2009-06,0.557699978351593,1.09060001373291,1.62399995326996,2.12569999694824,2.5783998966217,2.97460007667542,3.3131999969482404,3.5968000888824503,3.82999992370605,4.01840019226074
2009-07,0.546199977397919,1.1102000474929798,1.6407999992370599,2.12529993057251,2.5576999187469505,2.93630003929138,3.26239991188049,3.5392000675201403,3.77060008049011,3.9614999294281
2009-08,0.450100004673004,0.968400001525879,1.49049997329712,1.9836000204086297,2.4300000667572,2.8217000961303698,3.15739989280701,3.43910002708435,3.67129993438721,3.85929989814758
2009-09,0.420399993658066,0.926500022411346,1.4327000379562398,1.90880000591278,2.33870005607605,2.7156999111175497,3.0385000705719,3.30960011482239,3.5334000587463397,3.71499991416931
2009-10,0.389099985361099,0.9053000211715699,1.4206999540329,1.9065999984741202,2.34770011901855,2.73709988594055,3.07349991798401,3.3591001033783,3.59789991378784,3.79469990730286
2009-11,0.274699985980988,0.6442999839782709,1.1007000207901,1.5742000341415399,2.02550005912781,2.43440008163452,2.7927000522613503,3.09940004348755,3.35719990730286,3.5710999965667702
2009-12,0.54610002040863,1.14160001277924,1.70519995689392,2.2212998867034903,2.68239998817444,3.0862998962402304,3.4342999458313,3.7298998832702597,3.97760009765625,4.18240022659302
2010-01,0.327199995517731,0.819999992847443,1.36290001869202,1.89479994773865,2.3833000659942596,2.81410002708435,3.18309998512268,3.4927000999450697,3.74810004234314,3.9560999870300297
2010-02,0.34790000319480896,0.8022999763488771,1.32500004768372,1.8493000268936202,2.3382999897003196,2.77449989318848,3.15179991722107,3.47079992294312,3.73589992523193,3.95320010185242
2010-03,0.4408999979496,0.999599993228912,1.5779999494552601,2.12030005455017,2.60319995880127,3.02029991149902,3.3738999366760294,3.6698999404907204,3.91569995880127,4.1185998916626
2010-04,0.45950001478195207,0.9488999843597409,1.4901000261306798,2.00920009613037,2.47490000724792,2.87770009040833,3.21860003471375,3.50329995155334,3.73909997940063,3.93330001831055
2010-05,0.41269999742507896,0.7839000225067142,1.26040005683899,1.74090003967285,2.1819000244140603,2.56820011138916,2.8984000682830797,3.1767001152038596,3.40939998626709,3.60319995880127
2010-06,0.34740000963211104,0.608500003814697,1.00339996814728,1.4292999505996697,1.8367999792099,2.20499992370605,2.52740001678467,2.80480003356934,3.04069995880127,3.24000000953674
2010-07,0.31799998879432695,0.5048000216484071,0.8422999978065491,1.2410999536514298,1.6480000019073502,2.03320002555847,2.38170003890991,2.68770003318787,2.9507999420166002,3.1735999584198
2010-08,0.29730001091957103,0.44870001077652,0.721099972724915,1.04439997673035,1.37679994106293,1.6943000555038499,1.98479998111725,2.2430999279022203,2.46869993209839,2.6630001068115203
2010-09,0.277999997138977,0.39169999957084706,0.6503000259399411,0.9771000146865841,1.3243000507354699,1.66349995136261,1.97930002212524,2.2639999389648398,2.5153999328613303,2.73390007019043
2010-10,0.24230000376701397,0.293199986219406,0.530399978160858,0.864000022411346,1.23599994182587,1.6109000444412198,1.96780002117157,2.29550004005432,2.5894000530242898,2.84820008277893
2010-11,0.299100011587143,0.452300012111664,0.747600018978119,1.10769999027252,1.4857000112533603,1.8542000055313101,2.19829988479614,2.5109999179840097,2.78990006446838,3.03559994697571
2010-12,0.303299993276596,0.5956000089645389,1.0605000257492099,1.5528999567031898,2.01290011405945,2.4200999736785898,2.77189993858337,3.0724000930786097,3.32789993286133,3.5448000431060804
2011-01,0.28310000896453896,0.554400026798248,0.996900022029877,1.48619997501373,1.9615999460220301,2.3961999416351296,2.7809000015258802,3.1154000759124796,3.40310001373291,3.64939999580383
2011-02,0.28459998965263394,0.661800026893616,1.1720999479293799,1.6821000576019298,2.1435999870300297,2.54450011253357,2.88720011711121,3.17869997024536,3.4268000125884996,3.63849997520447
2011-03,0.33199998736381503,0.777100026607513,1.3028999567031898,1.8065999746322599,2.25440001487732,2.64079999923706,2.9707000255584703,3.25200009346008,3.49210000038147,3.69770002365112
2011-04,0.24019999802112602,0.580699980258942,1.04059994220734,1.52279996871948,1.97990000247955,2.3917999267578103,2.7523999214172403,3.06299996376038,3.32789993286133,3.5525999069213903
2011-05,0.205400004982948,0.44190001487731895,0.8166000247001651,1.24319994449615,1.67159998416901,2.07410001754761,2.4375,2.7572999000549303,3.03379988670349,3.2699999809265097
2011-06,0.22149999439716297,0.481000006198883,0.869899988174438,1.3095999956131001,1.75209999084473,2.1703999042511,2.5506000518798797,2.88720011711121,3.17960000038147,3.4302000999450697
2011-07,0.26060000061988803,0.33779999613761896,0.596300005912781,0.9487000107765201,1.33840000629425,1.72990000247955,2.10209989547729,2.4435999393463104,2.74900007247925,3.01740002632141
2011-08,0.13140000402927401,0.189600005745888,0.386599987745285,0.660600006580353,0.9702000021934509,1.2882000207901,1.59759998321533,1.88820004463196,2.1547999382019,2.3951001167297403
2011-09,0.173899993300438,0.285299986600876,0.47339999675750705,0.7037000060081479,0.9519000053405758,1.20190000534058,1.442999958992,1.66849994659424,1.875,2.06060004234314
2011-10,0.16279999911785098,0.245399996638298,0.45109999179840105,0.721599996089935,1.0184999704361,1.31679999828339,1.6013000011444098,1.86339998245239,2.0987999439239498,2.30629992485046
2011-11,0.157299995422363,0.247600004076958,0.44699999690055797,0.704100012779236,0.984600007534027,1.2662999629974399,1.5354000329971298,1.7840000391006499,2.00799989700317,2.2063000202179
2011-12,0.149299994111061,0.242500007152557,0.41650000214576705,0.636500000953674,0.8777999877929691,1.1237000226974498,1.36300003528595,1.58860003948212,1.7963000535965,1.9843000173568701
2012-01,0.155100002884865,0.188299998641014,0.320499986410141,0.5145000219345089,0.7432000041008,0.9872000217437741,1.23269999027252,1.4706000089645401,1.6945999860763503,1.90129995346069
2012-02,0.212799996137619,0.2953999936580661,0.457599997520447,0.668600022792816,0.905600011348724,1.1525000333786,1.39769995212555,1.6332999467849698,1.85440003871918,2.05789995193481
2012-03,0.23510000109672502,0.35299998521804793,0.556900024414062,0.809800028800964,1.08539998531342,1.36549997329712,1.63779997825623,1.8947000503540001,2.13150000572205,2.34590005874634
2012-04,0.209999993443489,0.26690000295639,0.41530001163482705,0.620199978351593,0.856199979782104,1.1051000356674199,1.35389995574951,1.5940999984741202,1.8201999664306598,2.02880001068115
2012-05,0.237900003790855,0.27970001101493797,0.384400010108948,0.530799984931946,0.702600002288818,0.8877999782562259,1.07710003852844,1.26419997215271,1.4443000555038499,1.61450004577637
2012-06,0.25900000333786,0.321399986743927,0.43869999051094105,0.592999994754791,0.770399987697601,0.9602000117301941,1.15400004386902,1.34590005874634,1.5313999652862502,1.70729994773865
2012-07,0.18430000543594396,0.212500005960464,0.310499995946884,0.454699993133545,0.627300024032593,0.814599990844727,1.00699996948242,1.1971000432968102,1.3798999786377,1.55219995975494
2012-08,0.196600005030632,0.211099997162819,0.30579999089241,0.453500002622604,0.633499979972839,0.830699980258942,1.03359997272491,1.2345000505447399,1.4275000095367398,1.6092000007629401
2012-09,0.201299995183945,0.220699995756149,0.31799998879432695,0.468199998140335,0.652199983596802,0.855300009250641,1.06630003452301,1.2770999670028702,1.48179996013641,1.6759999990463301
2012-10,0.22280000150203697,0.279199987649918,0.40029999613761896,0.564400017261505,0.754499971866608,0.958100020885468,1.1655999422073402,1.3701000213623,1.5667999982833898,1.75220000743866
2012-11,0.217999994754791,0.23849999904632602,0.334199994802475,0.48069998621940596,0.6592000126838679,0.855499982833862,1.05910003185272,1.26209998130798,1.45899999141693,1.64590001106262
2012-12,0.19429999589920002,0.24850000441074396,0.375600010156631,0.550499975681305,0.753899991512299,0.9714999794960021,1.19280004501343,1.4101999998092698,1.61829996109009,1.8136999607086202
2013-01,0.17659999430179604,0.261900007724762,0.43110001087188704,0.650699973106384,0.8964999914169308,1.15129995346069,1.40320003032684,1.6441999673843402,1.869500041008,2.07599997520447
2013-02,0.185399994254112,0.23250000178813898,0.368900001049042,0.5622000098228449,0.7886000275611881,1.0305000543594398,1.2753000259399399,1.5140999555587802,1.74100005626678,1.95229995250702
2013-03,0.17700000107288397,0.23980000615119898,0.37850001454353294,0.566900014877319,0.785000026226044,1.01789999008179,1.2546000480651898,1.48699998855591,1.70969998836517,1.9190000295639
2013-04,0.151399999856949,0.20049999654293102,0.32150000333786,0.49020001292228704,0.6880000233650211,0.901000022888184,1.11870002746582,1.3336999416351298,1.54050004482269,1.73559999465942
2013-05,0.16519999504089403,0.317900002002716,0.5346999764442439,0.786499977111816,1.0528999567031898,1.3194999694824199,1.57700002193451,1.81920003890991,2.0427000522613503,2.24580001831055
2013-06,0.192499995231628,0.386599987745285,0.7143999934196469,1.07099997997284,1.4126000404357901,1.72309994697571,1.9989000558853103,2.2414000034332298,2.45359992980957,2.6389999389648398
2013-07,0.13719999790191698,0.32530000805854803,0.651400029659271,1.02279996871948,1.3912999629974399,1.7338000535965,2.0408999919891397,2.31060004234314,2.54450011253357,2.74569988250732
2013-08,0.15500000119209303,0.42770001292228704,0.8292000293731691,1.25020003318787,1.6427999734878502,1.9897999763488798,2.28810000419617,2.5411000251769997,2.75449991226196,2.9340000152587904
2013-09,0.123099997639656,0.33849999308586104,0.6743000149726871,1.0492000579834,1.41960000991821,1.7635999917984,2.07220005989075,2.3431999683380096,2.57809996604919,2.77999997138977
2013-10,0.138799995183945,0.317799985408783,0.6223999857902529,0.9769999980926509,1.33729994297028,1.6786999702453602,1.98889994621277,2.26360011100769,2.5023000240325897,2.7074999809265097
2013-11,0.148000001907349,0.289900004863739,0.606400012969971,0.996299982070923,1.39979994297028,1.7840000391006499,2.13229990005493,2.4384999275207497,2.70199990272522,2.92549991607666
2013-12,0.15109999477863298,0.39530000090599104,0.830600023269653,1.30949997901917,1.76269996166229,2.16280007362366,2.50289988517761,2.7859001159668,3.0188999176025404,3.20970010757446
2014-01,0.13120000064373,0.34749999642372104,0.725600004196167,1.1385999917983998,1.52970004081726,1.87730002403259,2.17639994621277,2.42989993095398,2.64310002326965,2.82189989089966
2014-02,0.122000001370907,0.339300006628036,0.7286000251770021,1.14839994907379,1.53980004787445,1.88259994983673,2.1744000911712598,2.4196999073028596,2.625,2.7969999313354506
2014-03,0.121500000357628,0.439300000667572,0.915700018405914,1.3738000392913798,1.76400005817413,2.08260011672974,2.33990001678467,2.54830002784729,2.71880006790161,2.85999989509583
2014-04,0.10189999639987898,0.424499988555908,0.890399992465973,1.3378000259399399,1.71969997882843,2.03180003166199,2.2836000919342,2.4869000911712598,2.65249991416931,2.7890000343322794
2014-05,0.0993999987840652,0.38519999384880105,0.807200014591217,1.21519994735718,1.5658999681472798,1.8553999662399299,2.0922000408172603,2.2864999771118195,2.44770002365112,2.58299994468689
2014-06,0.127900004386902,0.45429998636245705,0.893800020217896,1.30280005931854,1.6474000215530402,1.92900002002716,2.15840005874634,2.3466999530792205,2.50309991836548,2.63459992408752
2014-07,0.12530000507831598,0.548699975013733,1.05340003967285,1.4775999784469598,1.80780005455017,2.06340003013611,2.26489996910095,2.42770004272461,2.56229996681213,2.67580008506775
2014-08,0.119699999690056,0.526799976825714,0.99260002374649,1.37679994106293,1.6720000505447399,1.8985999822616597,2.07660007476807,2.22079992294312,2.34089994430542,2.4433000087737997
2014-09,0.14820000529289198,0.616999983787537,1.1203000545501698,1.5246000289916999,1.8308000564575202,2.0638000965118404,2.24580001831055,2.39219999313354,2.5130999088287402,2.61520004272461
2014-10,0.152500003576279,0.538500010967255,0.9872000217437741,1.3707000017166102,1.67279994487762,1.9069000482559197,2.0903000831604,2.2369999885559104,2.35730004310608,2.45819997787476
2014-11,0.158500000834465,0.49520000815391496,0.91100001335144,1.26489996910095,1.54159998893738,1.75569999217987,1.92449998855591,2.06110000610352,2.17479991912842,2.27169990539551
2014-12,0.29399999976158103,0.7063999772071842,1.1184999942779499,1.4471000432968102,1.69120001792908,1.8696000576019298,2.00139999389648,2.10120010375977,2.17950010299683,2.24320006370544
2015-01,0.200000002980232,0.48870000243187,0.788399994373322,1.03120005130768,1.22189998626709,1.3745000362396202,1.5,1.60570001602173,1.69609999656677,1.7742999792099
2015-02,0.271800011396408,0.661800026893616,1.03439998626709,1.3260999917983998,1.5441999435424798,1.70860004425049,1.8360999822616597,1.93850004673004,2.02360010147095,2.09640002250671
2015-03,0.29300001263618497,0.582499980926514,0.906000018119812,1.1869000196456898,1.4127999544143701,1.59089994430542,1.7322000265121498,1.84619998931885,1.9404000043868999,2.01999998092651
2015-04,0.27509999275207503,0.606100022792816,0.940599977970123,1.23090004920959,1.46920001506805,1.66139996051788,1.81690001487732,1.9443999528884899,2.05069994926453,2.1412999629974396
2015-05,0.295700013637543,0.63129997253418,0.9746000170707699,1.2747000455856299,1.5224000215530402,1.72329998016357,1.8867000341415399,2.0215001106262203,2.13479995727539,2.23189997673035
2015-06,0.31970000267028803,0.6632999777793879,1.0441000461578398,1.3881000280380202,1.67509996891022,1.9063999652862502,2.0906000137329097,2.2379000186920197,2.3571999073028596,2.45560002326965
2015-07,0.351500004529953,0.678699970245361,1.02180004119873,1.3279999494552601,1.5827000141143799,1.78770005702972,1.9506000280380202,2.08010005950928,2.18440008163452,2.26990008354187
2015-08,0.440699994564056,0.769699990749359,1.09070003032684,1.3732999563217199,1.6109000444412198,1.80680000782013,1.9675999879837,2.10030007362366,2.21099996566772,2.30480003356934
2015-09,0.35339999198913596,0.65310001373291,0.937799990177155,1.1943999528884899,1.4186999797821,1.6115000247955302,1.77559995651245,1.91519999504089,2.03410005569458,2.13619995117188
2015-10,0.460500001907349,0.7624999880790709,1.06869995594025,1.34270000457764,1.57430005073547,1.7648999691009502,1.9203000068664597,2.0473001003265403,2.15210008621216,2.24009990692139
2015-11,0.678699970245361,0.9628999829292301,1.24080002307892,1.48839998245239,1.69879996776581,1.87339997291565,2.0167999267578103,2.13470005989075,2.2323999404907204,2.31469988822937
2015-12,0.7897999882698059,1.07550001144409,1.3501000404357901,1.59210002422333,1.7961000204086297,1.96379995346069,2.10030007362366,2.21119999885559,2.3020000457763703,2.37750005722046
2016-01,0.634599983692169,0.805299997329712,0.9983999729156491,1.19229996204376,1.3751000165939298,1.54100000858307,1.6878000497818,1.8158999681472798,1.92659997940063,2.02209997177124
2016-02,0.6632000207901,0.789900004863739,0.947000026702881,1.11099994182587,1.2684999704361,1.4129999876022301,1.5420000553131101,1.6554000377655,1.75440001487732,1.84080004692078
2016-03,0.598299980163574,0.7329000234603879,0.901099979877472,1.0772999525070202,1.24689996242523,1.40260004997253,1.5413000583648702,1.66250002384186,1.76760005950928,1.8581999540329
2016-04,0.5867999792099,0.7649999856948849,0.957899987697601,1.1446000337600701,1.31500005722046,1.46580004692078,1.59689998626709,1.71019995212555,1.80799996852875,1.89310002326965
2016-05,0.718200027942657,0.88239997625351,1.06719994544983,1.2453999519348102,1.40530002117157,1.5433000326156598,1.66009998321533,1.7583999633789098,1.8414000272750901,1.91250002384186
2016-06,0.497500002384186,0.5950999855995179,0.737999975681305,0.891300022602081,1.0371999740600601,1.1680999994278,1.28190004825592,1.3792999982833898,1.4625999927520799,1.53439998626709
2016-07,0.5698999762535101,0.663600027561188,0.7910000085830692,0.9258000254631039,1.0542999505996702,1.17030000686646,1.2717000246048,1.35899996757507,1.4338999986648602,1.49839997291565
2016-08,0.663800001144409,0.8134999871253971,0.968200027942657,1.11059999465942,1.23479998111725,1.3402999639511102,1.4292000532150302,1.5042999982833898,1.56869995594025,1.625
2016-09,0.6579999923706049,0.782500028610229,0.9247000217437741,1.06459999084473,1.19340002536774,1.30840003490448,1.40989995002747,1.49919998645782,1.57850003242493,1.6495000123977699
2016-10,0.7059999704360959,0.870500028133392,1.04550004005432,1.21319997310638,1.36570000648499,1.5009000301361102,1.6190999746322599,1.72239995002747,1.8128000497818,1.8927999734878502
2016-11,0.856400012969971,1.1427999734878502,1.43400001525879,1.6911000013351398,1.90359997749329,2.0738000869751,2.20840001106262,2.31469988822937,2.3996999263763397,2.46909999847412
2016-12,0.8977000117301941,1.20179998874664,1.50139999389648,1.7631000280380202,1.978600025177,2.15070009231567,2.2864000797271697,2.3931999206543,2.4779999256134,2.5466001033783
2017-01,0.873199999332428,1.1985000371933,1.49650001525879,1.75039994716644,1.95860004425049,2.1261999607086204,2.2600998878479,2.36739993095398,2.4542999267578103,2.5257999897003196
2017-02,0.9164000153541559,1.2367000579834,1.52009999752045,1.75409996509552,1.9411000013351398,2.0885999202728303,2.20499992370605,2.29789996147156,2.37360000610352,2.43700003623962
2017-03,1.05509996414185,1.2792999744415299,1.5406999588012702,1.77559995651245,1.9675999879837,2.11899995803833,2.23729991912842,2.33080005645752,2.40639996528625,2.46970009803772
2017-04,1.11909997463226,1.2783000469207801,1.48129999637604,1.67700004577637,1.84739995002747,1.98959994316101,2.1063001155853303,2.20250010490417,2.2829000949859597,2.3517000675201403
2017-05,1.1886999607086202,1.2840000391006499,1.45570003986359,1.63230001926422,1.78910005092621,1.9210000038147,2.03029990196228,2.12159991264343,2.19919991493225,2.2667999267578103
2017-06,1.26080000400543,1.3946000337600701,1.5719000101089498,1.74650001525879,1.90079998970032,2.03029990196228,2.13680005073547,2.2239000797271697,2.2957000732421897,2.35570001602173
2017-07,1.23829996585846,1.35679996013641,1.52579998970032,1.69799995422363,1.85409998893738,1.98870003223419,2.10229992866516,2.19770002365112,2.2785000801086404,2.34770011901855
2017-08,1.2322000265121498,1.32280004024506,1.45650005340576,1.59619998931885,1.7259000539779699,1.84010004997253,1.93850004673004,2.02279996871948,2.0954999923706104,2.15899991989136
2017-09,1.33410000801086,1.48099994659424,1.6454999446868899,1.8014999628066999,1.93900001049042,2.0560998916626,2.15409994125366,2.2360000610351602,2.3050000667572,2.36380004882812
2017-10,1.44159996509552,1.5965000391006499,1.75370001792908,1.89699995517731,2.02110004425049,2.12590003013611,2.2132999897003196,2.2864000797271697,2.3480999469757102,2.40089988708496
2017-11,1.63129997253418,1.79019999504089,1.92859995365143,2.04679989814758,2.1465001106262203,2.2300000190734903,2.2999999523162797,2.35890007019043,2.4087998867034903,2.4518001079559304
2017-12,1.75730001926422,1.8852000236511202,2.00329995155334,2.10560011863708,2.1912000179290803,2.2613000869751,2.31800007820129,2.36380004882812,2.40120005607605,2.43199992179871
2018-01,1.91190004348755,2.14409995079041,2.31270003318787,2.4354000091552703,2.5250000953674303,2.59089994430542,2.63980007171631,2.67659997940063,2.70499992370605,2.7274999618530296
2018-02,2.0492999553680398,2.2630999088287402,2.4284000396728502,2.55590009689331,2.65409994125366,2.72970008850098,2.78810000419617,2.83360004425049,2.8694000244140603,2.89800000190735
2018-03,2.10199999809265,2.27169990539551,2.39849996566772,2.49340009689331,2.5648999214172403,2.6191999912262003,2.66100001335144,2.69379997253418,2.72009992599487,2.7418999671936
2018-04,2.25449991226196,2.48539996147156,2.63369989395142,2.7311999797821005,2.7971999645233194,2.8434000015258802,2.87709999084473,2.90269994735718,2.92300009727478,2.9398999214172403
2018-05,2.24320006370544,2.41339993476868,2.53480005264282,2.62190008163452,2.6851000785827597,2.7314999103546103,2.76620006561279,2.7927000522613503,2.8136000633239706,2.83049988746643
2018-06,2.33439993858337,2.52069997787476,2.6133999824523904,2.67980003356934,2.7311999797821005,2.771399974823,2.80310010910034,2.82829999923706,2.84859991073608,2.8650999069213903
2018-07,2.4398000240325897,2.66339993476868,2.7537000179290803,2.80139994621277,2.83570003509521,2.86500000953674,2.8914000988006605,2.9149999618530296,2.9360001087188703,2.95440006256104
2018-08,2.45479989051819,2.61980009078979,2.6816999912262003,2.71609997749329,2.7430999279022203,2.76780009269714,2.79139995574951,2.81410002708435,2.83550000190735,2.85560011863708
2018-09,2.6206998825073198,2.80100011825562,2.8666000366210898,2.90400004386902,2.93339991569519,2.95970010757446,2.9841001033783,3.0067000389099103,3.0274000167846697,3.04629993438721
2018-10,2.69409990310669,2.8606998920440696,2.9158000946044904,2.9502000808715803,2.9832999706268297,3.01780009269714,3.0532000064849902,3.08809995651245,3.1215999126434304,3.15300011634827
2018-11,2.70219993591309,2.79349994659424,2.8217999935150098,2.83470010757446,2.8501999378204306,2.87290000915527,2.9021999835968,2.93580007553101,2.97140002250671,3.0071001052856405
2018-12,2.5743000507354705,2.4858999252319305,2.46239995956421,2.47519993782043,2.50650000572205,2.5459001064300497,2.58730006217957,2.62750005722046,2.66490006446838,2.6991000175476096
2019-01,2.50959992408752,2.44510006904602,2.42030000686646,2.42190003395081,2.4409000873565696,2.47029995918274,2.50570011138916,2.5439000129699703,2.5826001167297403,2.62059998512268
2019-02,2.52999997138977,2.5048999786377,2.50410008430481,2.519700050354,2.5459001064300497,2.57850003242493,2.6147000789642303,2.65240001678467,2.69020009040833,2.72709989547729
2019-03,2.37190008163452,2.26789999008179,2.2260000705719,2.22189998626709,2.23979997634888,2.26950001716614,2.30480003356934,2.34190011024475,2.3787999153137203,2.41429996490479
2019-04,2.3552000522613503,2.25620007514954,2.23200011253357,2.24930000305176,2.2878000736236603,2.33550000190735,2.38560009002686,2.4342999458312997,2.48009991645813,2.5223000049591096
2019-05,2.1835999488830597,1.95560002326965,1.89400005340576,1.90520000457764,1.94470000267029,1.99210000038147,2.03909993171692,2.08270001411438,2.12269997596741,2.1593999862670903
2019-06,1.9338999986648602,1.7628999948501598,1.7164000272750901,1.7300000190734899,1.7702000141143799,1.82039999961853,1.87269997596741,1.92369997501373,1.9724999666213998,2.0186998844146697
2019-07,2.03460001945496,1.8938000202179,1.8396999835968,1.83150005340576,1.84700000286102,1.87460005283356,1.90820002555847,1.9445999860763503,1.98239994049072,2.02090001106262
2019-08,1.75390005111694,1.52760004997253,1.4335000514984098,1.40240001678467,1.40160000324249,1.41559994220734,1.4371999502182,1.4631999731063798,1.4917999505996697,1.5224000215530402
2019-09,1.8047000169754,1.65600001811981,1.5866999626159701,1.5626000165939298,1.5642000436782801,1.58000004291534,1.6037000417709397,1.6318000555038499,1.6621999740600601,1.6938999891281101
2019-10,1.5918999910354599,1.5420999526977501,1.51989996433258,1.51820003986359,1.53129994869232,1.5550999641418501,1.58640003204346,1.62290000915527,1.66270005702972,1.7044999599456798
2019-11,1.6759999990463301,1.64160001277924,1.62909996509552,1.63259994983673,1.6480000019073502,1.6718000173568701,1.7015999555587802,1.73529994487762,1.77149999141693,1.80900001525879
2019-12,1.6231000423431399,1.5940999984741202,1.61590003967285,1.65910005569458,1.71010005474091,1.76300001144409,1.81519997119904,1.86580002307892,1.9144999980926498,1.9610999822616597
2020-01,1.4775999784469598,1.3415999412536599,1.2989000082016002,1.3013000488281201,1.3255000114440902,1.3601000308990498,1.3998999595642099,1.44200003147125,1.48529994487762,1.52880001068115
2020-02,1.05690002441406,0.8823000192642209,0.8547000288963321,0.879800021648407,0.921400010585785,0.967199981212616,1.0132999420166,1.05889999866486,1.10409998893738,1.14900004863739
2020-03,0.256300002336502,0.276800006628036,0.323000013828278,0.383199989795685,0.45019999146461503,0.519699990749359,0.5891000032424929,0.6571000218391421,0.7228000164031979,0.7857999801635741
2020-04,0.180899992585182,0.215900003910065,0.271200001239777,0.33399999141693104,0.398299992084503,0.46160000562667797,0.5231000185012821,0.582599997520447,0.6402000188827509,0.696099996566772
